{
    "x": -6.617661476135254,
    "y": -2.3917410373687746,
    "z": 0.0
}