{
    "x": -6.647810459136963,
    "y": -0.8240023851394653,
    "z": 0.0
}